{
  "Alabama": 41350,
  "Alaska": 56140,
  "Arizona": 47680,
  "Arkansas": 39060,
  "California": 54030,
  "Colorado": 54050,
  "Connecticut": 56130,
  "Delaware": 49280,
  "Florida": 45070,
  "Georgia": 45480,
  "Hawaii": 50510,
  "Idaho": 44240,
  "Illinois": 48730,
  "Indiana": 45470,
  "Iowa": 46460,
  "Kansas": 45250,
  "Kentucky": 43730,
  "Louisiana": 41320,
  "Maine": 47590,
  "Maryland": 55810,
  "Massachusetts": 60690,
  "Michigan": 46940,
  "Minnesota": 50880,
  "Mississippi": 37500,
  "Missouri": 45080,
  "Montana": 45690,
  "Nebraska": 46440,
  "Nevada": 44810,
  "New Hampshire": 49980,
  "New Jersey": 54860,
  "New Mexico": 43620,
  "New York": 56840,
  "North Carolina": 45440,
  "North Dakota": 48830,
  "Ohio": 46690,
  "Oklahoma": 41480,
  "Oregon": 50010,
  "Pennsylvania": 47430,
  "Rhode Island": 50970,
  "South Carolina": 42220,
  "South Dakota": 43680,
  "Tennessee": 43820,
  "Texas": 45970,
  "Utah": 47020,
  "Vermont": 49630,
  "Virginia": 49920,
  "Washington": 59920,
  "West Virginia": 39770,
  "Wisconsin": 47590,
  "Wyoming": 47250,
  "District of Columbia": 65786
}
