{
  "California": 11.5,
  "New Jersey": 9.4,
  "Connecticut": 9.7,
  "Hawaii": 8.9,
  "New York": 12.7,
  "Maryland": 9.0,
  "Massachusetts": 9.4,
  "Illinois": 11.0,
  "Rhode Island": 10.6,
  "Washington": 9.5,
  "Delaware": 10.9,
  "Virginia": 9.2,
  "Pennsylvania": 10.9,
  "Minnesota": 8.3,
  "Colorado": 9.0,
  "Nevada": 12.5,
  "Oregon": 11.0,
  "New Mexico": 16.8,
  "Nebraska": 9.2,
  "Iowa": 10.2,
  "Michigan": 12.6,
  "Wisconsin": 10.0,
  "Vermont": 9.4,
  "Florida": 12.4,
  "North Carolina": 12.9,
  "Ohio": 12.6,
  "Indiana": 11.6,
  "Utah": 7.3,
  "Tennessee": 13.6,
  "New Hampshire": 7.0,
  "South Carolina": 13.8,
  "Georgia": 14.0,
  "Louisiana": 17.8,
  "Maine": 10.6,
  "Montana": 12.4,
  "Texas": 13.4,
  "Alabama": 14.9,
  "North Dakota": 10.2,
  "Arkansas": 15.2,
  "Oklahoma": 14.3,
  "West Virginia": 15.8,
  "Alaska": 9.6,
  "Kansas": 10.6,
  "South Dakota": 11.6,
  "Arizona": 12.8,
  "Kentucky": 14.9,
  "Missouri": 12.1,
  "Idaho": 10.1,
  "Wyoming": 9.2,
  "Mississippi": 18.7,
  "District of Columbia": 13.3
}
