{
  "Alabama": 0.4741,
  "Alaska": 0.4376,
  "Arizona": 0.4591,
  "Arkansas": 0.475,
  "California": 0.4866,
  "Colorado": 0.4548,
  "Connecticut": 0.5024,
  "Delaware": 0.4509,
  "Florida": 0.4808,
  "Georgia": 0.4795,
  "Hawaii": 0.4397,
  "Idaho": 0.4337,
  "Illinois": 0.48,
  "Indiana": 0.4584,
  "Iowa": 0.4422,
  "Kansas": 0.45,
  "Kentucky": 0.4764,
  "Louisiana": 0.4978,
  "Maine": 0.449,
  "Maryland": 0.4558,
  "Massachusetts": 0.4803,
  "Michigan": 0.4634,
  "Minnesota": 0.4434,
  "Mississippi": 0.4896,
  "Missouri": 0.4633,
  "Montana": 0.4597,
  "Nebraska": 0.44,
  "Nevada": 0.471,
  "New Hampshire": 0.4406,
  "New Jersey": 0.4782,
  "New Mexico": 0.4768,
  "New York": 0.5149,
  "North Carolina": 0.4743,
  "North Dakota": 0.4558,
  "Ohio": 0.4651,
  "Oklahoma": 0.4739,
  "Oregon": 0.45,
  "Pennsylvania": 0.4745,
  "Rhode Island": 0.4628,
  "South Carolina": 0.4747,
  "South Dakota": 0.436,
  "Tennessee": 0.4749,
  "Texas": 0.4753,
  "Utah": 0.4268,
  "Vermont": 0.4471,
  "Virginia": 0.469,
  "Washington": 0.4577,
  "West Virginia": 0.4644,
  "Wisconsin": 0.4391,
  "Wyoming": 0.4345,
  "District of Columbia": 0.5115
}
