{
  "California": 1,
  "New Jersey": 2,
  "Connecticut": 3,
  "Hawaii": 4,
  "New York": 5,
  "Maryland": 6,
  "Massachusetts": 7,
  "Illinois": 8,
  "Rhode Island": 9,
  "Washington": 10,
  "Delaware": 11,
  "Virginia": 12,
  "Pennsylvania": 13,
  "Minnesota": 14,
  "Colorado": 15,
  "Nevada": 16,
  "Oregon": 16,
  "New Mexico": 18,
  "Nebraska": 19,
  "Iowa": 20,
  "Michigan": 20,
  "Wisconsin": 22,
  "Vermont": 23,
  "Florida": 24,
  "North Carolina": 25,
  "Ohio": 25,
  "Indiana": 27,
  "Utah": 28,
  "Tennessee": 29,
  "New Hampshire": 30,
  "South Carolina": 31,
  "Georgia": 32,
  "Louisiana": 33,
  "Maine": 33,
  "Montana": 33,
  "Texas": 33,
  "Alabama": 37,
  "North Dakota": 38,
  "Arkansas": 39,
  "Oklahoma": 39,
  "West Virginia": 41,
  "Alaska": 42,
  "Kansas": 43,
  "South Dakota": 44,
  "Arizona": 45,
  "Kentucky": 46,
  "Missouri": 46,
  "Idaho": 48,
  "Wyoming": 48,
  "Mississippi": 50
}
