{
  "Pennsylvania": "Northeast",
  "New York": "Northeast",
  "New Jersey": "Northeast",
  "Vermont": "Northeast",
  "New Hampshire": "Northeast",
  "Connecticut": "Northeast",
  "Rhode Island": "Northeast",
  "Massachusetts": "Northeast",
  "Maine": "Northeast",
  "District of Columbia": "Southeast",
  "Delaware": "Southeast",
  "Maryland": "Southeast",
  "West Virginia": "Southeast",
  "Virginia": "Southeast",
  "Kentucky": "Southeast",
  "Tennessee": "Southeast",
  "North Carolina": "Southeast",
  "South Carolina": "Southeast",
  "Georgia": "Southeast",
  "Florida": "Southeast",
  "Alabama": "Southeast",
  "Mississippi": "Southeast",
  "Arkansas": "Southeast",
  "Louisiana": "Southeast",
  "Ohio": "Midwest",
  "Indiana": "Midwest",
  "Illinois": "Midwest",
  "Michigan": "Midwest",
  "Wisconsin": "Midwest",
  "Minnesota": "Midwest",
  "North Dakota": "Midwest",
  "South Dakota": "Midwest",
  "Iowa": "Midwest",
  "Kansas": "Midwest",
  "Nebraska": "Midwest",
  "Missouri": "Midwest",
  "Texas": "Southwest",
  "Oklahoma": "Southwest",
  "New Mexico": "Southwest",
  "Arizona": "Southwest",
  "Colorado": "Northwest",
  "Idaho": "Northwest",
  "Nevada": "Northwest",
  "Utah": "Northwest",
  "Wyoming": "Northwest",
  "Montana": "Northwest",
  "California": "Northwest",
  "Oregon": "Northwest",
  "Washington": "Northwest",
  "Alaska": "Northwest",
  "Hawaii": "Northwest"
}
