{
  "South Dakota": 2.0,
  "Vermont": 2.2,
  "North Dakota": 2.3,
  "New Hampshire": 2.5,
  "Nebraska": 2.7,
  "Maine": 2.8,
  "Mississippi": 2.8,
  "Alabama": 2.9,
  "Hawaii": 2.9,
  "Iowa": 2.9,
  "Maryland": 2.9,
  "Virginia": 2.9,
  "Wisconsin": 2.9,
  "Wyoming": 3.1,
  "Connecticut": 3.2,
  "Tennessee": 3.2,
  "Arkansas": 3.3,
  "Florida": 3.3,
  "Kansas": 3.3,
  "Montana": 3.3,
  "Minnesota": 3.4,
  "Oklahoma": 3.4,
  "Pennsylvania": 3.4,
  "Arizona": 3.5,
  "Utah": 3.5,
  "Georgia": 3.6,
  "Idaho": 3.6,
  "Massachusetts": 3.8,
  "North Carolina": 3.8,
  "Louisiana": 3.9,
  "Missouri": 3.9,
  "Colorado": 4.0,
  "Oregon": 4.0,
  "Texas": 4.1,
  "Delaware": 4.2,
  "New Mexico": 4.2,
  "West Virginia": 4.2,
  "Indiana": 4.3,
  "New York": 4.4,
  "Michigan": 4.5,
  "Ohio": 4.5,
  "South Carolina": 4.5,
  "Alaska": 4.6,
  "Rhode Island": 4.6,
  "New Jersey": 4.7,
  "Washington": 4.8,
  "Kentucky": 4.9,
  "California": 5.3,
  "Illinois": 5.3,
  "Nevada": 5.6,
  "District of Columbia": 5.7
}
